"GastoTotal","ECigarrillo","QCigarrillo","Wcigarrillo","Pcigarrillo"
352216948634.81,4783165994.4222,16949044.7028979,1.35801698724656,282.20858923125
